{
	"credit": "Made with Blockbench",
	"parent": "minecraft:block/template_sculk_shrieker",
	"textures": {
		"particle": "block/sculk_shrieker_bottom",
		"bottom": "block/sculk_shrieker_bottom",
		"inner_top": "block/sculk_shrieker_can_summon_inner_top",
		"side": "block/sculk_shrieker_side",
		"top": "block/sculk_shrieker_top"
	},
	"elements": [
		{
			"from": [0, 0, 0],
			"to": [6, 6, 6],
			"faces": {
				"north": {"uv": [10, 10, 16, 16], "texture": "#side"},
				"east": {"uv": [16, 10, 10, 16], "texture": "#side"},
				"south": {"uv": [6, 10, 0, 16], "texture": "#side"},
				"west": {"uv": [0, 10, 6, 16], "texture": "#side"},
				"up": {"uv": [0, 10, 2, 11], "texture": "#side"},
				"down": {"uv": [0, 10, 6, 16], "texture": "#bottom"}
			}
		},
		{
			"from": [0, 0, 10],
			"to": [6, 6, 16],
			"faces": {
				"north": {"uv": [16, 10, 10, 16], "texture": "#side"},
				"east": {"uv": [6, 10, 0, 16], "texture": "#side"},
				"south": {"uv": [0, 10, 6, 16], "texture": "#side"},
				"west": {"uv": [10, 10, 16, 16], "texture": "#side"},
				"up": {"uv": [0, 10, 2, 11], "texture": "#side"},
				"down": {"uv": [0, 0, 6, 6], "texture": "#bottom"}
			}
		},
		{
			"from": [6, 0, 10],
			"to": [7, 5, 16],
			"faces": {
				"north": {"uv": [9, 11, 10, 16], "texture": "#side"},
				"east": {"uv": [7, 11, 1, 16], "texture": "#side"},
				"south": {"uv": [6, 11, 7, 16], "texture": "#side"},
				"west": {"uv": [10, 11, 16, 16], "texture": "#side"},
				"up": {"uv": [6, 11, 7, 12], "texture": "#side"},
				"down": {"uv": [6, 0, 7, 6], "texture": "#bottom"}
			}
		},
		{
			"from": [9, 0, 10],
			"to": [10, 5, 16],
			"faces": {
				"north": {"uv": [6, 11, 7, 16], "texture": "#side"},
				"east": {"uv": [0, 11, 6, 16], "texture": "#side"},
				"south": {"uv": [9, 11, 10, 16], "texture": "#side"},
				"west": {"uv": [15, 11, 9, 16], "texture": "#side"},
				"up": {"uv": [9, 11, 10, 12], "texture": "#side"},
				"down": {"uv": [9, 0, 10, 6], "texture": "#bottom"}
			}
		},
		{
			"from": [9, 0, 0],
			"to": [10, 5, 6],
			"faces": {
				"north": {"uv": [6, 11, 7, 16], "texture": "#side"},
				"east": {"uv": [10, 11, 16, 16], "texture": "#side"},
				"south": {"uv": [9, 11, 10, 16], "texture": "#side"},
				"west": {"uv": [7, 11, 1, 16], "texture": "#side"},
				"up": {"uv": [6, 11, 7, 12], "texture": "#side"},
				"down": {"uv": [9, 10, 10, 16], "texture": "#bottom"}
			}
		},
		{
			"from": [6, 0, 0],
			"to": [7, 5, 6],
			"faces": {
				"north": {"uv": [9, 11, 10, 16], "texture": "#side"},
				"east": {"uv": [15, 11, 9, 16], "texture": "#side"},
				"south": {"uv": [6, 11, 7, 16], "texture": "#side"},
				"west": {"uv": [0, 11, 6, 16], "texture": "#side"},
				"up": {"uv": [9, 11, 10, 12], "texture": "#side"},
				"down": {"uv": [6, 10, 7, 16], "texture": "#bottom"}
			}
		},
		{
			"from": [10, 0, 10],
			"to": [16, 6, 16],
			"faces": {
				"north": {"uv": [6, 10, 0, 16], "texture": "#side"},
				"east": {"uv": [0, 10, 6, 16], "texture": "#side"},
				"south": {"uv": [10, 10, 16, 16], "texture": "#side"},
				"west": {"uv": [16, 10, 10, 16], "texture": "#side"},
				"up": {"uv": [2, 10, 0, 11], "texture": "#side"},
				"down": {"uv": [10, 0, 16, 6], "texture": "#bottom"}
			}
		},
		{
			"from": [10, 0, 0],
			"to": [16, 6, 6],
			"faces": {
				"north": {"uv": [0, 10, 6, 16], "texture": "#side"},
				"east": {"uv": [10, 10, 16, 16], "texture": "#side"},
				"south": {"uv": [16, 10, 10, 16], "texture": "#side"},
				"west": {"uv": [6, 10, 0, 16], "texture": "#side"},
				"up": {"uv": [0, 10, 2, 11], "texture": "#side"},
				"down": {"uv": [10, 10, 16, 16], "texture": "#bottom"}
			}
		},
		{
			"from": [10, 6, 0],
			"to": [14, 7, 6],
			"faces": {
				"north": {"uv": [2, 9, 6, 10], "texture": "#side"},
				"east": {"uv": [8, 9, 14, 10], "texture": "#side"},
				"south": {"uv": [10, 9, 14, 10], "texture": "#side"},
				"west": {"uv": [6, 9, 0, 10], "texture": "#side"},
				"up": {"uv": [2, 9, 3, 10], "texture": "#side"},
				"down": {"uv": [10, 10, 14, 16], "texture": "#bottom"}
			}
		},
		{
			"from": [2, 6, 0],
			"to": [6, 7, 6],
			"faces": {
				"north": {"uv": [10, 9, 14, 10], "texture": "#side"},
				"east": {"uv": [16, 9, 10, 10], "texture": "#side"},
				"south": {"uv": [2, 9, 6, 10], "texture": "#side"},
				"west": {"uv": [2, 9, 8, 10], "texture": "#side"},
				"up": {"uv": [2, 9, 3, 10], "texture": "#side"},
				"down": {"uv": [2, 10, 6, 16], "texture": "#bottom"}
			}
		},
		{
			"from": [2, 6, 10],
			"to": [6, 7, 16],
			"faces": {
				"north": {"uv": [10, 9, 14, 10], "texture": "#side"},
				"east": {"uv": [6, 9, 0, 10], "texture": "#side"},
				"south": {"uv": [2, 9, 6, 10], "texture": "#side"},
				"west": {"uv": [8, 9, 14, 10], "texture": "#side"},
				"up": {"uv": [2, 9, 3, 10], "texture": "#side"},
				"down": {"uv": [2, 0, 6, 6], "texture": "#bottom"}
			}
		},
		{
			"from": [0, 6, 10],
			"to": [2, 7, 14],
			"faces": {
				"north": {"uv": [10, 9, 12, 10], "texture": "#side"},
				"east": {"uv": [2, 9, 6, 10], "texture": "#side"},
				"south": {"uv": [2, 9, 4, 10], "texture": "#side"},
				"west": {"uv": [10, 9, 14, 10], "texture": "#side"},
				"up": {"uv": [2, 9, 3, 10], "texture": "#side"},
				"down": {"uv": [0, 2, 2, 6], "texture": "#bottom"}
			}
		},
		{
			"from": [0, 6, 2],
			"to": [2, 7, 6],
			"faces": {
				"north": {"uv": [12, 9, 14, 10], "texture": "#side"},
				"east": {"uv": [10, 9, 14, 10], "texture": "#side"},
				"south": {"uv": [4, 9, 6, 10], "texture": "#side"},
				"west": {"uv": [2, 9, 6, 10], "texture": "#side"},
				"up": {"uv": [2, 9, 3, 10], "texture": "#side"},
				"down": {"uv": [0, 10, 2, 14], "texture": "#bottom"}
			}
		},
		{
			"from": [14, 6, 2],
			"to": [16, 7, 6],
			"faces": {
				"north": {"uv": [2, 9, 4, 10], "texture": "#side"},
				"east": {"uv": [10, 9, 14, 10], "texture": "#side"},
				"south": {"uv": [10, 9, 12, 10], "texture": "#side"},
				"west": {"uv": [2, 9, 6, 10], "texture": "#side"},
				"up": {"uv": [2, 9, 3, 10], "texture": "#side"},
				"down": {"uv": [14, 10, 16, 14], "texture": "#bottom"}
			}
		},
		{
			"from": [14, 6, 10],
			"to": [16, 7, 14],
			"faces": {
				"north": {"uv": [4, 9, 6, 10], "texture": "#side"},
				"east": {"uv": [2, 9, 6, 10], "texture": "#side"},
				"south": {"uv": [12, 9, 14, 10], "texture": "#side"},
				"west": {"uv": [10, 9, 14, 10], "texture": "#side"},
				"up": {"uv": [6, 9, 2, 11], "rotation": 90, "texture": "#side"},
				"down": {"uv": [14, 2, 16, 6], "texture": "#bottom"}
			}
		},
		{
			"from": [10, 6, 10],
			"to": [14, 7, 16],
			"faces": {
				"north": {"uv": [2, 9, 6, 10], "texture": "#side"},
				"east": {"uv": [2, 9, 8, 10], "texture": "#side"},
				"south": {"uv": [10, 9, 14, 10], "texture": "#side"},
				"west": {"uv": [16, 9, 10, 10], "texture": "#side"},
				"up": {"uv": [3, 10, 2, 9], "texture": "#side"},
				"down": {"uv": [10, 0, 14, 6], "texture": "#bottom"}
			}
		},
		{
			"from": [0, 0, 6],
			"to": [16, 5, 7],
			"faces": {
				"north": {"uv": [0, 11, 16, 16], "texture": "#side"},
				"east": {"uv": [9, 11, 10, 16], "texture": "#side"},
				"south": {"uv": [6, 11, 7, 16], "texture": "#side"},
				"west": {"uv": [6, 11, 7, 16], "texture": "#side"},
				"up": {"uv": [6, 11, 7, 12], "texture": "#side"},
				"down": {"uv": [0, 9, 16, 10], "texture": "#bottom"}
			}
		},
		{
			"from": [0, 0, 9],
			"to": [16, 5, 10],
			"faces": {
				"north": {"uv": [9, 11, 10, 16], "texture": "#side"},
				"east": {"uv": [6, 11, 7, 16], "texture": "#side"},
				"south": {"uv": [0, 11, 16, 16], "texture": "#side"},
				"west": {"uv": [9, 11, 10, 16], "texture": "#side"},
				"up": {"uv": [9, 11, 10, 12], "texture": "#side"},
				"down": {"uv": [0, 6, 16, 7], "texture": "#bottom"}
			}
		},
		{
			"from": [7, 0, 0],
			"to": [9, 2, 6],
			"faces": {
				"north": {"uv": [7, 14, 9, 16], "texture": "#side"},
				"east": {"uv": [10, 14, 16, 16], "texture": "#side"},
				"south": {"uv": [7, 14, 9, 16], "texture": "#side"},
				"west": {"uv": [0, 14, 6, 16], "texture": "#side"},
				"up": {"uv": [7, 15, 9, 9], "texture": "#side"},
				"down": {"uv": [7, 10, 9, 16], "texture": "#bottom"}
			}
		},
		{
			"from": [0, 0, 7],
			"to": [16, 2, 9],
			"faces": {
				"north": {"uv": [0, 14, 16, 16], "texture": "#side"},
				"east": {"uv": [7, 14, 9, 16], "texture": "#side"},
				"south": {"uv": [0, 14, 16, 16], "texture": "#side"},
				"west": {"uv": [7, 14, 9, 16], "texture": "#side"},
				"up": {"uv": [7, 14, 9, 15], "texture": "#side"},
				"down": {"uv": [0, 7, 16, 9], "texture": "#bottom"}
			}
		},
		{
			"from": [7, 0, 10],
			"to": [9, 2, 16],
			"faces": {
				"north": {"uv": [7, 14, 9, 16], "texture": "#side"},
				"east": {"uv": [0, 14, 6, 16], "texture": "#side"},
				"south": {"uv": [7, 14, 9, 16], "texture": "#side"},
				"west": {"uv": [10, 14, 16, 16], "texture": "#side"},
				"up": {"uv": [7, 9, 9, 15], "texture": "#side"},
				"down": {"uv": [7, 0, 9, 6], "texture": "#bottom"}
			}
		},
		{
			"from": [0, 7, 4],
			"to": [6, 8, 6],
			"faces": {
				"north": {"uv": [16, 8, 10, 9], "texture": "#side"},
				"east": {"uv": [10, 8, 12, 9], "texture": "#side"},
				"south": {"uv": [6, 8, 0, 9], "texture": "#side"},
				"west": {"uv": [4, 8, 6, 9], "texture": "#side"},
				"up": {"uv": [0, 4, 6, 6], "texture": "#inner_top"},
				"down": {"uv": [0, 10, 6, 12], "texture": "#bottom"}
			}
		},
		{
			"from": [0, 7, 10],
			"to": [6, 8, 12],
			"faces": {
				"north": {"uv": [16, 8, 10, 9], "texture": "#side"},
				"east": {"uv": [4, 8, 6, 9], "texture": "#side"},
				"south": {"uv": [10, 8, 16, 9], "texture": "#side"},
				"west": {"uv": [10, 8, 12, 9], "texture": "#side"},
				"up": {"uv": [0, 10, 6, 12], "texture": "#inner_top"},
				"down": {"uv": [0, 4, 6, 6], "texture": "#bottom"}
			}
		},
		{
			"from": [10, 7, 10],
			"to": [16, 8, 12],
			"faces": {
				"north": {"uv": [6, 8, 0, 9], "texture": "#side"},
				"east": {"uv": [4, 8, 6, 9], "texture": "#side"},
				"south": {"uv": [16, 8, 10, 9], "texture": "#side"},
				"west": {"uv": [10, 8, 12, 9], "texture": "#side"},
				"up": {"uv": [10, 10, 16, 12], "texture": "#inner_top"},
				"down": {"uv": [10, 4, 16, 6], "texture": "#bottom"}
			}
		},
		{
			"from": [10, 7, 4],
			"to": [16, 8, 6],
			"faces": {
				"north": {"uv": [10, 8, 16, 9], "texture": "#side"},
				"east": {"uv": [10, 8, 12, 9], "texture": "#side"},
				"south": {"uv": [16, 8, 10, 9], "texture": "#side"},
				"west": {"uv": [4, 8, 6, 9], "texture": "#side"},
				"up": {"uv": [10, 4, 16, 6], "texture": "#inner_top"},
				"down": {"uv": [10, 10, 16, 12], "texture": "#bottom"}
			}
		},
		{
			"from": [10, 7, 0],
			"to": [12, 8, 4],
			"faces": {
				"north": {"uv": [4, 8, 6, 9], "texture": "#side"},
				"east": {"uv": [14, 8, 10, 9], "texture": "#side"},
				"south": {"uv": [10, 8, 12, 9], "texture": "#side"},
				"west": {"uv": [6, 8, 2, 9], "texture": "#side"},
				"up": {"uv": [10, 0, 12, 4], "texture": "#inner_top"},
				"down": {"uv": [10, 12, 12, 16], "texture": "#bottom"}
			}
		},
		{
			"from": [4, 7, 0],
			"to": [6, 8, 4],
			"faces": {
				"north": {"uv": [10, 8, 12, 9], "texture": "#side"},
				"east": {"uv": [14, 8, 10, 9], "texture": "#side"},
				"south": {"uv": [4, 8, 6, 9], "texture": "#side"},
				"west": {"uv": [10, 8, 14, 9], "texture": "#side"},
				"up": {"uv": [4, 0, 6, 4], "texture": "#inner_top"},
				"down": {"uv": [4, 12, 6, 16], "texture": "#bottom"}
			}
		},
		{
			"from": [4, 7, 12],
			"to": [6, 8, 16],
			"faces": {
				"north": {"uv": [10, 8, 12, 9], "texture": "#side"},
				"east": {"uv": [6, 8, 2, 9], "texture": "#side"},
				"south": {"uv": [4, 8, 6, 9], "texture": "#side"},
				"west": {"uv": [14, 8, 10, 9], "texture": "#side"},
				"up": {"uv": [4, 12, 6, 16], "texture": "#inner_top"},
				"down": {"uv": [4, 0, 6, 4], "texture": "#bottom"}
			}
		},
		{
			"from": [10, 7, 12],
			"to": [12, 8, 16],
			"faces": {
				"north": {"uv": [10, 8, 12, 9], "texture": "#side"},
				"east": {"uv": [6, 8, 2, 9], "texture": "#side"},
				"south": {"uv": [10, 8, 12, 9], "texture": "#side"},
				"west": {"uv": [2, 8, 6, 9], "texture": "#side"},
				"up": {"uv": [4, 12, 6, 16], "texture": "#inner_top"},
				"down": {"uv": [4, 0, 6, 4], "texture": "#bottom"}
			}
		},
		{
			"from": [0.25, 2, 7],
			"to": [15.75, 6, 9],
			"faces": {
				"north": {"uv": [0.25, 10, 15.75, 14], "texture": "#side"},
				"east": {"uv": [7, 10, 9, 14], "texture": "#side"},
				"south": {"uv": [0.25, 10, 15.75, 14], "texture": "#side"},
				"west": {"uv": [7, 10, 9, 14], "texture": "#side"},
				"up": {"uv": [0.25, 7, 15.75, 9], "texture": "#bottom"},
				"down": {"uv": [0.25, 7, 15.75, 9], "texture": "#bottom"}
			}
		},
		{
			"from": [0.25, 5, 9],
			"to": [15.75, 8, 10],
			"faces": {
				"north": {"uv": [6, 8, 10, 11], "texture": "#side"},
				"east": {"uv": [6, 8, 7, 11], "texture": "#side"},
				"south": {"uv": [0.25, 8, 15.75, 11], "texture": "#side"},
				"west": {"uv": [9, 8, 10, 11], "texture": "#side"},
				"up": {"uv": [0.25, 9, 15.75, 10], "texture": "#inner_top"},
				"down": {"uv": [0.25, 6, 15.75, 7], "texture": "#bottom"}
			}
		},
		{
			"from": [0.25, 5, 6],
			"to": [15.75, 8, 7],
			"faces": {
				"north": {"uv": [0.25, 8, 15.75, 11], "texture": "#side"},
				"east": {"uv": [9, 8, 10, 11], "texture": "#side"},
				"south": {"uv": [6, 8, 10, 11], "texture": "#side"},
				"west": {"uv": [6, 8, 7, 11], "texture": "#side"},
				"up": {"uv": [0.25, 6, 15.75, 7], "texture": "#inner_top"},
				"down": {"uv": [0.25, 9, 15.75, 10], "texture": "#bottom"}
			}
		},
		{
			"from": [6, 5, 10],
			"to": [7, 8, 15.75],
			"faces": {
				"north": {"uv": [9, 8, 10, 11], "texture": "#side"},
				"east": {"uv": [7, 8, 1.25, 11], "texture": "#side"},
				"south": {"uv": [6, 8, 7, 11], "texture": "#side"},
				"west": {"uv": [10, 8, 15.75, 11], "texture": "#side"},
				"up": {"uv": [6, 10, 7, 15.75], "texture": "#inner_top"},
				"down": {"uv": [6, 0.25, 7, 6], "texture": "#bottom"}
			}
		},
		{
			"from": [9, 5, 10],
			"to": [10, 8, 15.75],
			"faces": {
				"north": {"uv": [6, 8, 7, 11], "texture": "#side"},
				"east": {"uv": [0.25, 8, 6, 11], "texture": "#side"},
				"south": {"uv": [9, 8, 10, 11], "texture": "#side"},
				"west": {"uv": [14.75, 8, 9, 11], "texture": "#side"},
				"up": {"uv": [9, 10, 10, 15.75], "texture": "#inner_top"},
				"down": {"uv": [9, 0.25, 10, 6], "texture": "#bottom"}
			}
		},
		{
			"from": [7, 2, 10],
			"to": [9, 6, 15.75],
			"faces": {
				"north": {"uv": [7, 10, 9, 14], "texture": "#side"},
				"east": {"uv": [0.25, 10, 6, 14], "texture": "#side"},
				"south": {"uv": [7, 10, 9, 14], "texture": "#side"},
				"west": {"uv": [10, 10, 15.75, 14], "texture": "#side"},
				"up": {"uv": [7, 5, 9, 10.75], "texture": "#side"},
				"down": {"uv": [7, 0.25, 9, 6], "texture": "#bottom"}
			}
		},
		{
			"from": [9, 5, 0.25],
			"to": [10, 8, 6],
			"faces": {
				"north": {"uv": [6, 8, 7, 11], "texture": "#side"},
				"east": {"uv": [10, 8, 15.75, 11], "texture": "#side"},
				"south": {"uv": [9, 8, 10, 11], "texture": "#side"},
				"west": {"uv": [7, 8, 1.25, 11], "texture": "#side"},
				"up": {"uv": [9, 0.25, 10, 6], "texture": "#inner_top"},
				"down": {"uv": [9, 10, 10, 15.75], "texture": "#bottom"}
			}
		},
		{
			"from": [6, 5, 0.25],
			"to": [7, 8, 6],
			"faces": {
				"north": {"uv": [9, 8, 10, 11], "texture": "#side"},
				"east": {"uv": [14.75, 8, 9, 11], "texture": "#side"},
				"south": {"uv": [6, 8, 7, 11], "texture": "#side"},
				"west": {"uv": [0.25, 8, 6, 11], "texture": "#side"},
				"up": {"uv": [6, 0.25, 7, 6], "texture": "#inner_top"},
				"down": {"uv": [6, 10, 7, 15.75], "texture": "#bottom"}
			}
		},
		{
			"from": [7, 2, 0.25],
			"to": [9, 6, 6],
			"faces": {
				"north": {"uv": [7, 10, 9, 14], "texture": "#side"},
				"east": {"uv": [10, 10, 15.75, 14], "texture": "#side"},
				"south": {"uv": [7, 10, 9, 14], "texture": "#side"},
				"west": {"uv": [0.25, 10, 6, 14], "texture": "#side"},
				"up": {"uv": [7, 10, 9, 15.75], "texture": "#side"},
				"down": {"uv": [7, 10, 9, 15.75], "texture": "#bottom"}
			}
		},
		{
			"from": [12, 7, 12],
			"to": [15.75, 8, 15.75],
			"faces": {
				"north": {"uv": [0.25, 8, 4, 9], "texture": "#side"},
				"east": {"uv": [0.25, 8, 4, 9], "texture": "#side"},
				"south": {"uv": [12, 8, 15.75, 9], "texture": "#side"},
				"west": {"uv": [12, 8, 15.75, 9], "texture": "#side"},
				"up": {"uv": [12, 12, 15.75, 15.75], "texture": "#inner_top"},
				"down": {"uv": [12, 0.25, 15.75, 4], "texture": "#bottom"}
			}
		},
		{
			"from": [0.25, 7, 12],
			"to": [4, 8, 15.75],
			"faces": {
				"north": {"uv": [12, 8, 15.75, 9], "texture": "#side"},
				"east": {"uv": [0.25, 8, 4, 9], "texture": "#side"},
				"south": {"uv": [0.25, 8, 4, 9], "texture": "#side"},
				"west": {"uv": [12, 8, 15.75, 9], "texture": "#side"},
				"up": {"uv": [0.25, 12, 4, 15.75], "texture": "#inner_top"},
				"down": {"uv": [0.25, 0.25, 4, 4], "texture": "#bottom"}
			}
		},
		{
			"from": [0.25, 7, 0.25],
			"to": [4, 8, 4],
			"faces": {
				"north": {"uv": [12, 8, 15.75, 9], "texture": "#side"},
				"east": {"uv": [12, 8, 15.75, 9], "texture": "#side"},
				"south": {"uv": [0.25, 8, 4, 9], "texture": "#side"},
				"west": {"uv": [0.25, 8, 4, 9], "texture": "#side"},
				"up": {"uv": [0.25, 0.25, 4, 4], "texture": "#inner_top"},
				"down": {"uv": [0.25, 12, 4, 15.75], "texture": "#bottom"}
			}
		},
		{
			"from": [12, 7, 0.25],
			"to": [15.75, 8, 4],
			"faces": {
				"north": {"uv": [0.25, 8, 4, 9], "texture": "#side"},
				"east": {"uv": [12, 8, 15.75, 9], "texture": "#side"},
				"south": {"uv": [12, 8, 15.75, 9], "texture": "#side"},
				"west": {"uv": [0.25, 8, 4, 9], "texture": "#side"},
				"up": {"uv": [12, 0.25, 15.75, 4], "texture": "#inner_top"},
				"down": {"uv": [12, 12, 15.75, 15.75], "texture": "#bottom"}
			}
		},
		{
			"from": [14, 6, 14],
			"to": [15.75, 7, 15.75],
			"faces": {
				"north": {"uv": [0.25, 9, 2, 10], "texture": "#side"},
				"east": {"uv": [0.25, 9, 2, 10], "texture": "#side"},
				"south": {"uv": [14, 9, 15.75, 10], "texture": "#side"},
				"west": {"uv": [14, 9, 15.75, 10], "texture": "#side"},
				"up": {"uv": [14, 14, 15.75, 15.75], "texture": "#bottom"},
				"down": {"uv": [14, 0.25, 15.75, 2], "texture": "#bottom"}
			}
		},
		{
			"from": [0.25, 6, 14],
			"to": [2, 7, 15.75],
			"faces": {
				"north": {"uv": [14, 9, 15.75, 10], "texture": "#side"},
				"east": {"uv": [0.25, 9, 2, 10], "texture": "#side"},
				"south": {"uv": [0.25, 9, 2, 10], "texture": "#side"},
				"west": {"uv": [14, 9, 15.75, 10], "texture": "#side"},
				"up": {"uv": [0.25, 14, 2, 15.75], "texture": "#bottom"},
				"down": {"uv": [0.25, 0.25, 2, 2], "texture": "#bottom"}
			}
		},
		{
			"from": [0.25, 6, 0.25],
			"to": [2, 7, 2],
			"faces": {
				"north": {"uv": [14, 9, 15.75, 10], "texture": "#side"},
				"east": {"uv": [14, 9, 15.75, 10], "texture": "#side"},
				"south": {"uv": [0.25, 9, 2, 10], "texture": "#side"},
				"west": {"uv": [0.25, 9, 2, 10], "texture": "#side"},
				"up": {"uv": [0.25, 0.25, 2, 2], "texture": "#bottom"},
				"down": {"uv": [0.25, 14, 2, 15.75], "texture": "#bottom"}
			}
		},
		{
			"from": [14, 6, 0.25],
			"to": [15.75, 7, 2],
			"faces": {
				"north": {"uv": [0.25, 9, 2, 10], "texture": "#side"},
				"east": {"uv": [14, 9, 15.75, 10], "texture": "#side"},
				"south": {"uv": [14, 9, 15.75, 10], "texture": "#side"},
				"west": {"uv": [0.25, 9, 2, 10], "texture": "#side"},
				"up": {"uv": [14, 0.25, 15.75, 2], "texture": "#bottom"},
				"down": {"uv": [14, 14, 15.75, 15.75], "texture": "#bottom"}
			}
		},
		{
			"from": [7, 6, 0.75],
			"to": [9, 8, 6],
			"faces": {
				"north": {"uv": [7, 8, 9, 10], "texture": "#side"},
				"east": {"uv": [10, 8, 15.25, 10], "texture": "#side"},
				"south": {"uv": [7, 8, 9, 10], "texture": "#side"},
				"west": {"uv": [0.75, 8, 6, 10], "texture": "#side"},
				"up": {"uv": [7, 0.75, 9, 6], "texture": "#inner_top"},
				"down": {"uv": [7, 10, 9, 15.25], "texture": "#side"}
			}
		},
		{
			"from": [7, 6, 10],
			"to": [9, 8, 15],
			"faces": {
				"north": {"uv": [7, 8, 9, 10], "texture": "#side"},
				"east": {"uv": [1, 8, 6, 10], "texture": "#side"},
				"south": {"uv": [7, 8, 9, 10], "texture": "#side"},
				"west": {"uv": [10, 8, 15, 10], "texture": "#side"},
				"up": {"uv": [7, 10, 9, 15], "texture": "#inner_top"},
				"down": {"uv": [7, 1, 9, 6], "texture": "#side"}
			}
		},
		{
			"from": [0.75, 6, 7],
			"to": [15.25, 8, 9],
			"faces": {
				"north": {"uv": [0.75, 8, 15.25, 10], "texture": "#side"},
				"east": {"uv": [7, 8, 9, 10], "texture": "#side"},
				"south": {"uv": [0.75, 8, 15.25, 10], "texture": "#side"},
				"west": {"uv": [7, 8, 9, 10], "texture": "#side"},
				"up": {"uv": [0.75, 7, 15.25, 9], "texture": "#inner_top"},
				"down": {"uv": [0.75, 7, 15.25, 9], "texture": "#side"}
			}
		},
		{
			"from": [1, 8, 1],
			"to": [1.25, 11, 6],
			"faces": {
				"north": {"uv": [14.75, 5, 15, 8], "texture": "#side"},
				"east": {"uv": [10, 5, 15, 8], "texture": "#side"},
				"south": {"uv": [5, 5, 5.25, 8], "texture": "#side"},
				"west": {"uv": [1, 5, 6, 8], "texture": "#side"},
				"up": {"uv": [1, 5, 6, 5.25], "rotation": 90, "texture": "#side"},
				"down": {"uv": [1, 10, 1.25, 15], "texture": "#side"}
			}
		},
		{
			"from": [1, 11, 1],
			"to": [1.25, 14, 5],
			"faces": {
				"north": {"uv": [14.75, 2, 15, 5], "texture": "#side"},
				"east": {"uv": [11, 2, 15, 5], "texture": "#side"},
				"south": {"uv": [4, 2, 4.25, 5], "texture": "#side"},
				"west": {"uv": [1, 2, 5, 5], "texture": "#side"},
				"up": {"uv": [1, 2, 5, 2.25], "rotation": 90, "texture": "#side"},
				"down": {"uv": [1, 11, 1.25, 15], "texture": "#side"}
			}
		},
		{
			"from": [1, 14, 1],
			"to": [1.25, 15, 4],
			"faces": {
				"north": {"uv": [14.75, 1, 15, 2], "texture": "#side"},
				"east": {"uv": [12, 1, 15, 2], "texture": "#side"},
				"south": {"uv": [1, 1, 1.25, 2], "texture": "#side"},
				"west": {"uv": [1, 1, 4, 2], "texture": "#side"},
				"up": {"uv": [1, 1, 1.25, 4], "texture": "#top"},
				"down": {"uv": [1, 12, 1.25, 15], "texture": "#side"}
			}
		},
		{
			"from": [1.25, 8, 1],
			"to": [6, 11, 1.25],
			"faces": {
				"north": {"uv": [10, 5, 14.75, 8], "texture": "#side"},
				"east": {"uv": [10, 5, 11, 8], "texture": "#side"},
				"south": {"uv": [1.25, 5, 6, 8], "texture": "#side"},
				"west": {"uv": [1, 5, 2, 8], "texture": "#side"},
				"up": {"uv": [1.25, 5, 6, 6], "texture": "#side"},
				"down": {"uv": [1.25, 14, 6, 15], "texture": "#side"}
			}
		},
		{
			"from": [1.25, 11, 1],
			"to": [5, 14, 1.25],
			"faces": {
				"north": {"uv": [11, 2, 14.75, 5], "texture": "#side"},
				"east": {"uv": [11, 2, 12, 5], "texture": "#side"},
				"south": {"uv": [1.25, 2, 5, 5], "texture": "#side"},
				"west": {"uv": [1, 2, 2, 5], "texture": "#side"},
				"up": {"uv": [1.25, 2, 5, 3], "texture": "#side"},
				"down": {"uv": [1.25, 14, 5, 15], "texture": "#side"}
			}
		},
		{
			"from": [1.25, 14, 1],
			"to": [4, 15, 1.25],
			"faces": {
				"north": {"uv": [12, 1, 14.75, 2], "texture": "#side"},
				"east": {"uv": [12, 1, 13, 2], "texture": "#side"},
				"south": {"uv": [1.25, 1, 4, 2], "texture": "#side"},
				"west": {"uv": [1, 1, 2, 2], "texture": "#side"},
				"up": {"uv": [1, 1, 3.75, 2], "texture": "#top"},
				"down": {"uv": [1.25, 14, 4, 15], "texture": "#side"}
			}
		},
		{
			"from": [1.25, 14.75, 1.25],
			"to": [4, 15, 4],
			"faces": {
				"north": {"uv": [12, 1, 14.75, 2], "texture": "#top"},
				"east": {"uv": [4, 3, 1.25, 4], "texture": "#top"},
				"south": {"uv": [1.25, 3, 4, 4], "texture": "#top"},
				"west": {"uv": [1.25, 1, 4, 2], "texture": "#top"},
				"up": {"uv": [1.25, 1.25, 4, 4], "texture": "#top"},
				"down": {"uv": [1.25, 12, 4, 14.75], "texture": "#top"}
			}
		},
		{
			"from": [1.25, 14.75, 4],
			"to": [3, 15, 5],
			"faces": {
				"north": {"uv": [13, 1, 14.75, 2], "texture": "#top"},
				"east": {"uv": [11, 1, 12, 2], "texture": "#top"},
				"south": {"uv": [3.25, 2, 5, 3], "texture": "#top"},
				"west": {"uv": [4, 1, 5, 2], "texture": "#top"},
				"up": {"uv": [1.25, 4, 3, 5], "texture": "#top"},
				"down": {"uv": [1.25, 11, 3, 12], "texture": "#top"}
			}
		},
		{
			"from": [4, 14.75, 1.25],
			"to": [5, 15, 3],
			"faces": {
				"north": {"uv": [11, 1, 12, 2], "texture": "#top"},
				"east": {"uv": [11, 2, 12.75, 3], "texture": "#top"},
				"south": {"uv": [4, 1, 5, 2], "texture": "#top"},
				"west": {"uv": [1.25, 1, 3, 2], "texture": "#top"},
				"up": {"uv": [4, 1.25, 5, 3], "texture": "#top"},
				"down": {"uv": [4, 13, 5, 14.75], "texture": "#top"}
			}
		},
		{
			"from": [14.75, 8, 10],
			"to": [15, 11, 15],
			"faces": {
				"north": {"uv": [5, 5, 5.25, 8], "texture": "#side"},
				"east": {"uv": [1, 5, 6, 8], "texture": "#side"},
				"south": {"uv": [14.75, 5, 15, 8], "texture": "#side"},
				"west": {"uv": [10, 5, 15, 8], "texture": "#side"},
				"up": {"uv": [1, 5, 6, 5.25], "rotation": 270, "texture": "#side"},
				"down": {"uv": [1, 10, 1.25, 15], "rotation": 180, "texture": "#side"}
			}
		},
		{
			"from": [14.75, 11, 11],
			"to": [15, 14, 15],
			"faces": {
				"north": {"uv": [4, 2, 4.25, 5], "texture": "#side"},
				"east": {"uv": [1, 2, 5, 5], "texture": "#side"},
				"south": {"uv": [14.75, 2, 15, 5], "texture": "#side"},
				"west": {"uv": [11, 2, 15, 5], "texture": "#side"},
				"up": {"uv": [1, 2, 5, 2.25], "rotation": 270, "texture": "#side"},
				"down": {"uv": [1, 11, 1.25, 15], "rotation": 180, "texture": "#side"}
			}
		},
		{
			"from": [14.75, 14, 12],
			"to": [15, 15, 15],
			"faces": {
				"north": {"uv": [1, 1, 1.25, 2], "texture": "#side"},
				"east": {"uv": [1, 1, 4, 2], "texture": "#side"},
				"south": {"uv": [14.75, 1, 15, 2], "texture": "#side"},
				"west": {"uv": [12, 1, 15, 2], "texture": "#side"},
				"up": {"uv": [1, 1, 1.25, 4], "rotation": 180, "texture": "#top"},
				"down": {"uv": [1, 12, 1.25, 15], "rotation": 180, "texture": "#side"}
			}
		},
		{
			"from": [10, 8, 14.75],
			"to": [14.75, 11, 15],
			"faces": {
				"north": {"uv": [1.25, 5, 6, 8], "texture": "#side"},
				"east": {"uv": [1, 5, 2, 8], "texture": "#side"},
				"south": {"uv": [10, 5, 14.75, 8], "texture": "#side"},
				"west": {"uv": [10, 5, 11, 8], "texture": "#side"},
				"up": {"uv": [1.25, 5, 6, 6], "rotation": 180, "texture": "#side"},
				"down": {"uv": [1.25, 14, 6, 15], "rotation": 180, "texture": "#side"}
			}
		},
		{
			"from": [11, 11, 14.75],
			"to": [14.75, 14, 15],
			"faces": {
				"north": {"uv": [1.25, 2, 5, 5], "texture": "#side"},
				"east": {"uv": [1, 2, 2, 5], "texture": "#side"},
				"south": {"uv": [11, 2, 14.75, 5], "texture": "#side"},
				"west": {"uv": [11, 2, 12, 5], "texture": "#side"},
				"up": {"uv": [1.25, 2, 5, 3], "rotation": 180, "texture": "#side"},
				"down": {"uv": [1.25, 14, 5, 15], "rotation": 180, "texture": "#side"}
			}
		},
		{
			"from": [12, 14, 14.75],
			"to": [14.75, 15, 15],
			"faces": {
				"north": {"uv": [1.25, 1, 4, 2], "texture": "#side"},
				"east": {"uv": [1, 1, 2, 2], "texture": "#side"},
				"south": {"uv": [12, 1, 14.75, 2], "texture": "#side"},
				"west": {"uv": [12, 1, 13, 2], "texture": "#side"},
				"up": {"uv": [1, 1, 3.75, 2], "rotation": 180, "texture": "#top"},
				"down": {"uv": [1.25, 14, 4, 15], "rotation": 180, "texture": "#side"}
			}
		},
		{
			"from": [12, 14.75, 12],
			"to": [14.75, 15, 14.75],
			"faces": {
				"north": {"uv": [1.25, 3, 4, 4], "texture": "#top"},
				"east": {"uv": [1.25, 1, 4, 2], "texture": "#top"},
				"south": {"uv": [12, 1, 14.75, 2], "texture": "#top"},
				"west": {"uv": [4, 3, 1.25, 4], "texture": "#top"},
				"up": {"uv": [1.25, 1.25, 4, 4], "rotation": 180, "texture": "#top"},
				"down": {"uv": [1.25, 12, 4, 14.75], "rotation": 180, "texture": "#top"}
			}
		},
		{
			"from": [13, 14.75, 11],
			"to": [14.75, 15, 12],
			"faces": {
				"north": {"uv": [3.25, 2, 5, 3], "texture": "#top"},
				"east": {"uv": [4, 1, 5, 2], "texture": "#top"},
				"south": {"uv": [13, 1, 14.75, 2], "texture": "#top"},
				"west": {"uv": [11, 1, 12, 2], "texture": "#top"},
				"up": {"uv": [1.25, 4, 3, 5], "rotation": 180, "texture": "#top"},
				"down": {"uv": [1.25, 11, 3, 12], "rotation": 180, "texture": "#top"}
			}
		},
		{
			"from": [11, 14.75, 13],
			"to": [12, 15, 14.75],
			"faces": {
				"north": {"uv": [4, 1, 5, 2], "texture": "#top"},
				"east": {"uv": [1.25, 1, 3, 2], "texture": "#top"},
				"south": {"uv": [11, 1, 12, 2], "texture": "#top"},
				"west": {"uv": [11, 2, 12.75, 3], "texture": "#top"},
				"up": {"uv": [4, 1.25, 5, 3], "rotation": 180, "texture": "#top"},
				"down": {"uv": [4, 13, 5, 14.75], "rotation": 180, "texture": "#top"}
			}
		},
		{
			"from": [10, 8, 1],
			"to": [15, 11, 1.25],
			"faces": {
				"north": {"uv": [1, 5, 6, 8], "texture": "#side"},
				"east": {"uv": [14.75, 5, 15, 8], "texture": "#side"},
				"south": {"uv": [10, 5, 15, 8], "texture": "#side"},
				"west": {"uv": [5, 5, 5.25, 8], "texture": "#side"},
				"up": {"uv": [1, 5, 6, 5.25], "rotation": 180, "texture": "#side"},
				"down": {"uv": [1, 10, 1.25, 15], "rotation": 270, "texture": "#side"}
			}
		},
		{
			"from": [11, 11, 1],
			"to": [15, 14, 1.25],
			"faces": {
				"north": {"uv": [1, 2, 5, 5], "texture": "#side"},
				"east": {"uv": [14.75, 2, 15, 5], "texture": "#side"},
				"south": {"uv": [11, 2, 15, 5], "texture": "#side"},
				"west": {"uv": [4, 2, 4.25, 5], "texture": "#side"},
				"up": {"uv": [1, 2, 5, 2.25], "rotation": 180, "texture": "#side"},
				"down": {"uv": [1, 11, 1.25, 15], "rotation": 270, "texture": "#side"}
			}
		},
		{
			"from": [12, 14, 1],
			"to": [15, 15, 1.25],
			"faces": {
				"north": {"uv": [1, 1, 4, 2], "texture": "#side"},
				"east": {"uv": [14.75, 1, 15, 2], "texture": "#side"},
				"south": {"uv": [12, 1, 15, 2], "texture": "#side"},
				"west": {"uv": [1, 1, 1.25, 2], "texture": "#side"},
				"up": {"uv": [1, 1, 1.25, 4], "rotation": 90, "texture": "#top"},
				"down": {"uv": [1, 12, 1.25, 15], "rotation": 270, "texture": "#side"}
			}
		},
		{
			"from": [14.75, 8, 1.25],
			"to": [15, 11, 6],
			"faces": {
				"north": {"uv": [1, 5, 2, 8], "texture": "#side"},
				"east": {"uv": [10, 5, 14.75, 8], "texture": "#side"},
				"south": {"uv": [10, 5, 11, 8], "texture": "#side"},
				"west": {"uv": [1.25, 5, 6, 8], "texture": "#side"},
				"up": {"uv": [1.25, 5, 6, 6], "rotation": 90, "texture": "#side"},
				"down": {"uv": [1.25, 14, 6, 15], "rotation": 270, "texture": "#side"}
			}
		},
		{
			"from": [14.75, 11, 1.25],
			"to": [15, 14, 5],
			"faces": {
				"north": {"uv": [1, 2, 2, 5], "texture": "#side"},
				"east": {"uv": [11, 2, 14.75, 5], "texture": "#side"},
				"south": {"uv": [11, 2, 12, 5], "texture": "#side"},
				"west": {"uv": [1.25, 2, 5, 5], "texture": "#side"},
				"up": {"uv": [1.25, 2, 5, 3], "rotation": 90, "texture": "#side"},
				"down": {"uv": [1.25, 14, 5, 15], "rotation": 270, "texture": "#side"}
			}
		},
		{
			"from": [14.75, 14, 1.25],
			"to": [15, 15, 4],
			"faces": {
				"north": {"uv": [1, 1, 2, 2], "texture": "#side"},
				"east": {"uv": [12, 1, 14.75, 2], "texture": "#side"},
				"south": {"uv": [12, 1, 13, 2], "texture": "#side"},
				"west": {"uv": [1.25, 1, 4, 2], "texture": "#side"},
				"up": {"uv": [1, 1, 3.75, 2], "rotation": 90, "texture": "#top"},
				"down": {"uv": [1.25, 14, 4, 15], "rotation": 270, "texture": "#side"}
			}
		},
		{
			"from": [12, 14.75, 1.25],
			"to": [14.75, 15, 4],
			"faces": {
				"north": {"uv": [1.25, 1, 4, 2], "texture": "#top"},
				"east": {"uv": [12, 1, 14.75, 2], "texture": "#top"},
				"south": {"uv": [4, 3, 1.25, 4], "texture": "#top"},
				"west": {"uv": [1.25, 3, 4, 4], "texture": "#top"},
				"up": {"uv": [1.25, 1.25, 4, 4], "rotation": 90, "texture": "#top"},
				"down": {"uv": [1.25, 12, 4, 14.75], "rotation": 270, "texture": "#top"}
			}
		},
		{
			"from": [11, 14.75, 1.25],
			"to": [12, 15, 3],
			"faces": {
				"north": {"uv": [4, 1, 5, 2], "texture": "#top"},
				"east": {"uv": [13, 1, 14.75, 2], "texture": "#top"},
				"south": {"uv": [11, 1, 12, 2], "texture": "#top"},
				"west": {"uv": [3.25, 2, 5, 3], "texture": "#top"},
				"up": {"uv": [1.25, 4, 3, 5], "rotation": 90, "texture": "#top"},
				"down": {"uv": [1.25, 11, 3, 12], "rotation": 270, "texture": "#top"}
			}
		},
		{
			"from": [13, 14.75, 4],
			"to": [14.75, 15, 5],
			"faces": {
				"north": {"uv": [1.25, 1, 3, 2], "texture": "#top"},
				"east": {"uv": [11, 1, 12, 2], "texture": "#top"},
				"south": {"uv": [11, 2, 12.75, 3], "texture": "#top"},
				"west": {"uv": [4, 1, 5, 2], "texture": "#top"},
				"up": {"uv": [4, 1.25, 5, 3], "rotation": 90, "texture": "#top"},
				"down": {"uv": [4, 13, 5, 14.75], "rotation": 270, "texture": "#top"}
			}
		},
		{
			"from": [1, 8, 14.75],
			"to": [6, 11, 15],
			"faces": {
				"north": {"uv": [10, 5, 15, 8], "texture": "#side"},
				"east": {"uv": [5, 5, 5.25, 8], "texture": "#side"},
				"south": {"uv": [1, 5, 6, 8], "texture": "#side"},
				"west": {"uv": [14.75, 5, 15, 8], "texture": "#side"},
				"up": {"uv": [1, 5, 6, 5.25], "texture": "#side"},
				"down": {"uv": [1, 10, 1.25, 15], "rotation": 90, "texture": "#side"}
			}
		},
		{
			"from": [1, 11, 14.75],
			"to": [5, 14, 15],
			"faces": {
				"north": {"uv": [11, 2, 15, 5], "texture": "#side"},
				"east": {"uv": [4, 2, 4.25, 5], "texture": "#side"},
				"south": {"uv": [1, 2, 5, 5], "texture": "#side"},
				"west": {"uv": [14.75, 2, 15, 5], "texture": "#side"},
				"up": {"uv": [1, 2, 5, 2.25], "texture": "#side"},
				"down": {"uv": [1, 11, 1.25, 15], "rotation": 90, "texture": "#side"}
			}
		},
		{
			"from": [1, 14, 14.75],
			"to": [4, 15, 15],
			"faces": {
				"north": {"uv": [12, 1, 15, 2], "texture": "#side"},
				"east": {"uv": [1, 1, 1.25, 2], "texture": "#side"},
				"south": {"uv": [1, 1, 4, 2], "texture": "#side"},
				"west": {"uv": [14.75, 1, 15, 2], "texture": "#side"},
				"up": {"uv": [1, 1, 1.25, 4], "rotation": 270, "texture": "#top"},
				"down": {"uv": [1, 12, 1.25, 15], "rotation": 90, "texture": "#side"}
			}
		},
		{
			"from": [1, 8, 10],
			"to": [1.25, 11, 14.75],
			"faces": {
				"north": {"uv": [10, 5, 11, 8], "texture": "#side"},
				"east": {"uv": [1.25, 5, 6, 8], "texture": "#side"},
				"south": {"uv": [1, 5, 2, 8], "texture": "#side"},
				"west": {"uv": [10, 5, 14.75, 8], "texture": "#side"},
				"up": {"uv": [1.25, 5, 6, 6], "rotation": 270, "texture": "#side"},
				"down": {"uv": [1.25, 14, 6, 15], "rotation": 90, "texture": "#side"}
			}
		},
		{
			"from": [1, 11, 11],
			"to": [1.25, 14, 14.75],
			"faces": {
				"north": {"uv": [11, 2, 12, 5], "texture": "#side"},
				"east": {"uv": [1.25, 2, 5, 5], "texture": "#side"},
				"south": {"uv": [1, 2, 2, 5], "texture": "#side"},
				"west": {"uv": [11, 2, 14.75, 5], "texture": "#side"},
				"up": {"uv": [1.25, 2, 5, 3], "rotation": 270, "texture": "#side"},
				"down": {"uv": [1.25, 14, 5, 15], "rotation": 90, "texture": "#side"}
			}
		},
		{
			"from": [1, 14, 12],
			"to": [1.25, 15, 14.75],
			"faces": {
				"north": {"uv": [12, 1, 13, 2], "texture": "#side"},
				"east": {"uv": [1.25, 1, 4, 2], "texture": "#side"},
				"south": {"uv": [1, 1, 2, 2], "texture": "#side"},
				"west": {"uv": [12, 1, 14.75, 2], "texture": "#side"},
				"up": {"uv": [1, 1, 3.75, 2], "rotation": 270, "texture": "#top"},
				"down": {"uv": [1.25, 14, 4, 15], "rotation": 90, "texture": "#side"}
			}
		},
		{
			"from": [1.25, 14.75, 12],
			"to": [4, 15, 14.75],
			"faces": {
				"north": {"uv": [4, 3, 1.25, 4], "texture": "#top"},
				"east": {"uv": [1.25, 3, 4, 4], "texture": "#top"},
				"south": {"uv": [1.25, 1, 4, 2], "texture": "#top"},
				"west": {"uv": [12, 1, 14.75, 2], "texture": "#top"},
				"up": {"uv": [1.25, 1.25, 4, 4], "rotation": 270, "texture": "#top"},
				"down": {"uv": [1.25, 12, 4, 14.75], "rotation": 90, "texture": "#top"}
			}
		},
		{
			"from": [4, 14.75, 13],
			"to": [5, 15, 14.75],
			"faces": {
				"north": {"uv": [11, 1, 12, 2], "texture": "#top"},
				"east": {"uv": [3.25, 2, 5, 3], "texture": "#top"},
				"south": {"uv": [4, 1, 5, 2], "texture": "#top"},
				"west": {"uv": [13, 1, 14.75, 2], "texture": "#top"},
				"up": {"uv": [1.25, 4, 3, 5], "rotation": 270, "texture": "#top"},
				"down": {"uv": [1.25, 11, 3, 12], "rotation": 90, "texture": "#top"}
			}
		},
		{
			"from": [1.25, 14.75, 11],
			"to": [3, 15, 12],
			"faces": {
				"north": {"uv": [11, 2, 12.75, 3], "texture": "#top"},
				"east": {"uv": [4, 1, 5, 2], "texture": "#top"},
				"south": {"uv": [1.25, 1, 3, 2], "texture": "#top"},
				"west": {"uv": [11, 1, 12, 2], "texture": "#top"},
				"up": {"uv": [4, 1.25, 5, 3], "rotation": 270, "texture": "#top"},
				"down": {"uv": [4, 13, 5, 14.75], "rotation": 90, "texture": "#top"}
			}
		},
		{
			"from": [0.75, 8, 9],
			"to": [1.25, 9, 10],
			"faces": {
				"north": {"uv": [9, 7, 10, 8], "texture": "#side"},
				"east": {"uv": [9, 7, 10, 8], "texture": "#side"},
				"south": {"uv": [9, 7, 10, 8], "texture": "#side"},
				"west": {"uv": [9, 7, 10, 8], "texture": "#side"},
				"up": {"uv": [9, 7, 10, 8], "texture": "#side"},
				"down": {"uv": [9, 7, 10, 8], "texture": "#side"}
			}
		},
		{
			"from": [1, 8, 7],
			"to": [1.25, 9, 9],
			"faces": {
				"north": {"uv": [8, 7, 9, 8], "texture": "#side"},
				"east": {"uv": [7, 7, 9, 8], "texture": "#side"},
				"south": {"uv": [7, 7, 8, 8], "texture": "#side"},
				"west": {"uv": [7, 7, 9, 8], "texture": "#side"},
				"up": {"uv": [7, 7, 9, 8], "rotation": 90, "texture": "#side"},
				"down": {"uv": [7, 7, 9, 8], "rotation": 90, "texture": "#side"}
			}
		},
		{
			"from": [0.75, 9, 7],
			"to": [1.25, 10, 9],
			"faces": {
				"north": {"uv": [8, 6, 9, 7], "texture": "#side"},
				"east": {"uv": [7, 6, 9, 7], "texture": "#side"},
				"south": {"uv": [7, 6, 8, 7], "texture": "#side"},
				"west": {"uv": [7, 6, 9, 7], "texture": "#side"},
				"up": {"uv": [7, 6, 9, 7], "rotation": 90, "texture": "#side"},
				"down": {"uv": [7, 6, 9, 7], "rotation": 90, "texture": "#side"}
			}
		},
		{
			"from": [0.75, 8, 6],
			"to": [1.25, 9, 7],
			"faces": {
				"north": {"uv": [6, 7, 7, 8], "texture": "#side"},
				"east": {"uv": [6, 7, 7, 8], "texture": "#side"},
				"south": {"uv": [6, 7, 7, 8], "texture": "#side"},
				"west": {"uv": [6, 7, 7, 8], "texture": "#side"},
				"up": {"uv": [6, 7, 7, 8], "texture": "#side"},
				"down": {"uv": [6, 7, 7, 8], "texture": "#side"}
			}
		},
		{
			"from": [9, 8, 14.75],
			"to": [10, 9, 15.25],
			"faces": {
				"north": {"uv": [9, 7, 10, 8], "texture": "#side"},
				"east": {"uv": [9, 7, 10, 8], "texture": "#side"},
				"south": {"uv": [9, 7, 10, 8], "texture": "#side"},
				"west": {"uv": [9, 7, 10, 8], "texture": "#side"},
				"up": {"uv": [9, 7, 10, 8], "rotation": 270, "texture": "#side"},
				"down": {"uv": [9, 7, 10, 8], "rotation": 90, "texture": "#side"}
			}
		},
		{
			"from": [7, 8, 14.75],
			"to": [9, 9, 15],
			"faces": {
				"north": {"uv": [7, 7, 9, 8], "texture": "#side"},
				"east": {"uv": [7, 7, 8, 8], "texture": "#side"},
				"south": {"uv": [7, 7, 9, 8], "texture": "#side"},
				"west": {"uv": [8, 7, 9, 8], "texture": "#side"},
				"up": {"uv": [7, 7, 9, 8], "texture": "#side"},
				"down": {"uv": [7, 7, 9, 8], "rotation": 180, "texture": "#side"}
			}
		},
		{
			"from": [7, 9, 14.75],
			"to": [9, 10, 15.25],
			"faces": {
				"north": {"uv": [7, 6, 9, 7], "texture": "#side"},
				"east": {"uv": [7, 6, 8, 7], "texture": "#side"},
				"south": {"uv": [7, 6, 9, 7], "texture": "#side"},
				"west": {"uv": [8, 6, 9, 7], "texture": "#side"},
				"up": {"uv": [7, 6, 9, 7], "texture": "#side"},
				"down": {"uv": [7, 6, 9, 7], "rotation": 180, "texture": "#side"}
			}
		},
		{
			"from": [6, 8, 14.75],
			"to": [7, 9, 15.25],
			"faces": {
				"north": {"uv": [6, 7, 7, 8], "texture": "#side"},
				"east": {"uv": [6, 7, 7, 8], "texture": "#side"},
				"south": {"uv": [6, 7, 7, 8], "texture": "#side"},
				"west": {"uv": [6, 7, 7, 8], "texture": "#side"},
				"up": {"uv": [6, 7, 7, 8], "rotation": 270, "texture": "#side"},
				"down": {"uv": [6, 7, 7, 8], "rotation": 90, "texture": "#side"}
			}
		},
		{
			"from": [14.75, 8, 6],
			"to": [15.25, 9, 7],
			"faces": {
				"north": {"uv": [9, 7, 10, 8], "texture": "#side"},
				"east": {"uv": [9, 7, 10, 8], "texture": "#side"},
				"south": {"uv": [9, 7, 10, 8], "texture": "#side"},
				"west": {"uv": [9, 7, 10, 8], "texture": "#side"},
				"up": {"uv": [9, 7, 10, 8], "rotation": 180, "texture": "#side"},
				"down": {"uv": [9, 7, 10, 8], "rotation": 180, "texture": "#side"}
			}
		},
		{
			"from": [14.75, 8, 7],
			"to": [15, 9, 9],
			"faces": {
				"north": {"uv": [7, 7, 8, 8], "texture": "#side"},
				"east": {"uv": [7, 7, 9, 8], "texture": "#side"},
				"south": {"uv": [8, 7, 9, 8], "texture": "#side"},
				"west": {"uv": [7, 7, 9, 8], "texture": "#side"},
				"up": {"uv": [7, 7, 9, 8], "rotation": 270, "texture": "#side"},
				"down": {"uv": [7, 7, 9, 8], "rotation": 270, "texture": "#side"}
			}
		},
		{
			"from": [14.75, 9, 7],
			"to": [15.25, 10, 9],
			"faces": {
				"north": {"uv": [7, 6, 8, 7], "texture": "#side"},
				"east": {"uv": [7, 6, 9, 7], "texture": "#side"},
				"south": {"uv": [8, 6, 9, 7], "texture": "#side"},
				"west": {"uv": [7, 6, 9, 7], "texture": "#side"},
				"up": {"uv": [7, 6, 9, 7], "rotation": 270, "texture": "#side"},
				"down": {"uv": [7, 6, 9, 7], "rotation": 270, "texture": "#side"}
			}
		},
		{
			"from": [14.75, 8, 9],
			"to": [15.25, 9, 10],
			"faces": {
				"north": {"uv": [6, 7, 7, 8], "texture": "#side"},
				"east": {"uv": [6, 7, 7, 8], "texture": "#side"},
				"south": {"uv": [6, 7, 7, 8], "texture": "#side"},
				"west": {"uv": [6, 7, 7, 8], "texture": "#side"},
				"up": {"uv": [6, 7, 7, 8], "rotation": 180, "texture": "#side"},
				"down": {"uv": [6, 7, 7, 8], "rotation": 180, "texture": "#side"}
			}
		},
		{
			"from": [6, 8, 0.75],
			"to": [7, 9, 1.25],
			"faces": {
				"north": {"uv": [9, 7, 10, 8], "texture": "#side"},
				"east": {"uv": [9, 7, 10, 8], "texture": "#side"},
				"south": {"uv": [9, 7, 10, 8], "texture": "#side"},
				"west": {"uv": [9, 7, 10, 8], "texture": "#side"},
				"up": {"uv": [9, 7, 10, 8], "rotation": 90, "texture": "#side"},
				"down": {"uv": [9, 7, 10, 8], "rotation": 270, "texture": "#side"}
			}
		},
		{
			"from": [7, 8, 1],
			"to": [9, 9, 1.25],
			"faces": {
				"north": {"uv": [7, 7, 9, 8], "texture": "#side"},
				"east": {"uv": [8, 7, 9, 8], "texture": "#side"},
				"south": {"uv": [7, 7, 9, 8], "texture": "#side"},
				"west": {"uv": [7, 7, 8, 8], "texture": "#side"},
				"up": {"uv": [7, 7, 9, 8], "rotation": 180, "texture": "#side"},
				"down": {"uv": [7, 7, 9, 8], "texture": "#side"}
			}
		},
		{
			"from": [7, 9, 0.75],
			"to": [9, 10, 1.25],
			"faces": {
				"north": {"uv": [7, 6, 9, 7], "texture": "#side"},
				"east": {"uv": [8, 6, 9, 7], "texture": "#side"},
				"south": {"uv": [7, 6, 9, 7], "texture": "#side"},
				"west": {"uv": [7, 6, 8, 7], "texture": "#side"},
				"up": {"uv": [7, 6, 9, 7], "rotation": 180, "texture": "#side"},
				"down": {"uv": [7, 6, 9, 7], "texture": "#side"}
			}
		},
		{
			"from": [9, 8, 0.75],
			"to": [10, 9, 1.25],
			"faces": {
				"north": {"uv": [6, 7, 7, 8], "texture": "#side"},
				"east": {"uv": [6, 7, 7, 8], "texture": "#side"},
				"south": {"uv": [6, 7, 7, 8], "texture": "#side"},
				"west": {"uv": [6, 7, 7, 8], "texture": "#side"},
				"up": {"uv": [6, 7, 7, 8], "rotation": 90, "texture": "#side"},
				"down": {"uv": [6, 7, 7, 8], "rotation": 270, "texture": "#side"}
			}
		}
	],
	"groups": [
		{
			"name": "group",
			"origin": [8, 8, 8],
			"color": 0,
			"children": [
				{
					"name": "group",
					"origin": [0, 0, 0],
					"color": 0,
					"children": [
						0,
						1,
						2,
						3,
						4,
						5,
						6,
						7,
						8,
						9,
						10,
						11,
						12,
						13,
						14,
						15,
						16,
						17,
						18,
						19,
						20,
						{
							"name": "group",
							"origin": [0, 0, 0],
							"color": 0,
							"children": [21, 22, 23, 24, 25, 26, 27, 28]
						}
					]
				},
				{
					"name": "group",
					"origin": [8, 8, 8],
					"color": 0,
					"children": [
						29,
						30,
						31,
						32,
						33,
						34,
						35,
						36,
						37,
						{
							"name": "group",
							"origin": [0, 0, 0],
							"color": 0,
							"children": [38, 39, 40, 41, 42, 43, 44, 45]
						}
					]
				},
				{
					"name": "group",
					"origin": [8, 8, 8],
					"color": 0,
					"children": [46, 47, 48]
				}
			]
		},
		{
			"name": "group",
			"origin": [8, 8, 8],
			"color": 0,
			"children": [
				{
					"name": "group",
					"origin": [8, 8, 8],
					"color": 0,
					"children": [49, 50, 51, 52, 53, 54, 55, 56, 57]
				},
				{
					"name": "group",
					"origin": [8, 8, 8],
					"color": 0,
					"children": [58, 59, 60, 61, 62, 63, 64, 65, 66]
				},
				{
					"name": "group",
					"origin": [8, 8, 8],
					"color": 0,
					"children": [67, 68, 69, 70, 71, 72, 73, 74, 75]
				},
				{
					"name": "group",
					"origin": [8, 8, 8],
					"color": 0,
					"children": [76, 77, 78, 79, 80, 81, 82, 83, 84]
				}
			]
		},
		{
			"name": "group",
			"origin": [8, 8, 8],
			"color": 0,
			"children": [
				{
					"name": "group",
					"origin": [8, 8, 8],
					"color": 0,
					"children": [85, 86, 87, 88]
				},
				{
					"name": "group",
					"origin": [8, 8, 8],
					"color": 0,
					"children": [89, 90, 91, 92]
				},
				{
					"name": "group",
					"origin": [8, 8, 8],
					"color": 0,
					"children": [93, 94, 95, 96]
				},
				{
					"name": "group",
					"origin": [8, 8, 8],
					"color": 0,
					"children": [97, 98, 99, 100]
				}
			]
		}
	]
}